,Salinity_mean,mean.npp,Current_vel_mean
99,35.2500675,1082.196411,
100,35.2500675,1082.196411,
